福禄双霸天,"[52, 71, 82, 89, 74, 20, 112, 102, 86, 103, 115, 63, 116, 39, 54, 42, 107, 18, 12, 3]"
mdylm,"[45, 114, 6, 109, 10, 30, 44, 68, 27, 48, 75]"
中石器时代的故事2,"[9, 91, 8, 64, 36, 100, 26, 13, 55]"
我要一打三了,"[4, 72, 67, 93, 104]"
神奇的雷诺,"[95, 80, 87, 28]"
草头yyds,"[90, 51, 76, 16]"
又一充电中,"[31, 50, 61, 70]"
简自豪,"[47, 79, 23, 81]"
请cl喝杯奶茶吧,"[11, 40, 56]"
大杯可乐加冰,"[34, 49, 19]"
不扣纽扣,"[7, 99, 37]"
flag,"[92, 94, 59]"
草头yyh有两个人吗,"[35, 113, 62]"
SKT FEIJU,"[58, 96, 88]"
小星星,"[21, 25]"
ZS,"[41, 65]"
草头？已经结束啦！冰淇琳无敌！,"[33, 5]"
喵喵,"[22, 29]"
oxygen_lulu,"[32, 43]"
陈琳么么么么么么么么,"[77, 101]"
许杨玉琢,[15]
抽一单,[17]
恬豆是MUMU不迷路呀充电中,[46]
冰淇琳应援会,[106]
落殇z4B79,[83]
我就知道忍耐到最后有意外收获,[97]
阿森纳下赛季欧冠八强足总杯冠军！,[111]
暴躁因子,[66]
炉石一哥戴佳伟,[85]
浅澜,[24]
琳宁依一瑶怡武柳6祁九,[110]
查询一下,[60]
中月,[78]
幸运星再冲一次,[2]
pld抽我谢谢！,[53]
Max Verstappen,[57]
琥珀玲单推人,[98]
杨蛆,[108]
梦魇敌酋,[38]
小琳芮芮,[1]
谢天依,[84]
100人头flag,[105]
依然,[14]
贝菲斯特,[73]
