福禄双霸天,"[61, 104, 224, 88, 42, 99, 112, 65, 19, 22, 1, 241, 142, 138, 176, 205, 81, 79, 51, 28, 249, 95, 117, 15, 50, 153, 58, 185, 77, 60, 11, 223, 173, 129, 2, 26, 183, 72, 191, 100, 16]"
mdylm,"[186, 246, 199, 5, 25, 204, 256, 89, 43, 232, 12, 178, 84, 126, 182, 8, 167, 150, 40, 64, 187, 184, 136]"
中石器时代的故事2,"[145, 237, 93, 38, 55, 244, 33, 258, 179, 41, 203, 109, 169, 240, 24, 192, 69, 68, 27]"
我要一打三了,"[116, 21, 9, 20, 177, 189, 188, 242, 144, 200, 105]"
草头yyds,"[128, 221, 91, 103, 152, 155, 239, 220, 190]"
又一充电中,"[148, 229, 52, 53, 111, 248, 96, 137, 214]"
简自豪,"[66, 243, 157, 97, 62, 135, 92, 193, 233]"
神奇的雷诺,"[23, 39, 139, 131, 160, 49, 113, 140]"
请cl喝杯奶茶吧,"[211, 63, 146, 215, 255, 48]"
大杯可乐加冰,"[83, 180, 170, 172, 102, 121]"
不扣纽扣,"[202, 54, 36, 159, 245, 141]"
flag,"[46, 197, 122, 259, 251, 30]"
草头yyh有两个人吗,"[206, 125, 238, 76, 162, 98]"
SKT FEIJU,"[217, 57, 73, 18, 31, 156]"
小星星,"[168, 87, 10, 147]"
ZS,"[45, 14, 201, 47]"
草头？已经结束啦！冰淇琳无敌！,"[17, 151, 213, 4]"
喵喵,"[82, 235, 209, 230]"
oxygen_lulu,"[198, 78, 124, 56]"
陈琳么么么么么么么么,"[208, 261, 252, 207]"
恬豆是MUMU不迷路呀充电中,"[174, 227, 163]"
冰淇琳应援会,"[164, 120, 90]"
落殇z4B79,"[118, 75, 123]"
小琳芮芮,"[154, 216, 80]"
谢天依,"[225, 44, 195]"
100人头flag,"[231, 37, 175]"
许杨玉琢,"[34, 149]"
抽一单,"[74, 115]"
我就知道忍耐到最后有意外收获,"[257, 181]"
阿森纳下赛季欧冠八强足总杯冠军！,"[250, 133]"
暴躁因子,"[85, 35]"
炉石一哥戴佳伟,"[132, 228]"
浅澜,"[107, 226]"
琳宁依一瑶怡武柳6祁九,"[196, 130]"
查询一下,"[71, 6]"
中月,"[234, 254]"
幸运星再冲一次,"[165, 161]"
pld抽我谢谢！,"[94, 158]"
Max Verstappen,"[236, 171]"
琥珀玲单推人,"[3, 210]"
杨蛆,"[247, 114]"
梦魇敌酋,"[101, 108]"
依然,"[110, 219]"
贝菲斯特,"[106, 119]"
饺子,[7]
梅奔腐乳法拉利出列,[218]
孙亚是真不行，还得是我李浩宇,[29]
纳格尔斯曼,[166]
tq,[13]
，我讲两句,[67]
小菜狗,[127]
小tāng,[212]
cl今天喝奶茶了吗,[134]
新陈代谢应援会,[260]
考微店,[70]
KZG.Oliveira,[59]
阿松,[86]
一一,[222]
年度青春盛典NO39年度梦想成员奖,[194]
crow,[32]
DustDust,[253]
