id,number
我要一打三了,1
TwilghT,81
饺子,54
福禄双霸天,72
马跃,105
小星星,146
许杨玉琢,59
请cl喝杯奶茶吧,136
抽一单,148
恬豆是MUMU不迷路呀充电中,121
酥糖,123
mdylm,126
大杯可乐加冰,79
冰淇琳应援会,33
諾維,159
落殇z4B79,70
48歌舞伝説らき☆すたの神！琳陳一郎です,109
不扣纽扣,97
我就知道忍耐到最后有意外收获,108
阿森纳下赛季欧冠八强足总杯冠军！,8
MST_WXLTYZ,173
吃冰冰的若酱,96
新陈代谢 赢,82
你罗是你罗，我罗劳塔罗,18
梅奔腐乳法拉利出列,163
凯尔特人是真不行,69
暴躁因子,132
原神玩家,14
又一吃火锅,168
炉石一哥戴佳伟,113
孙亚是真不行，还得是我李浩宇,158
凯尔特人再赢一把吧,120
111,3
cl腐乳恬豆,9
浅澜,94
昕冉今天吃什么,164
这必开薅,68
草头？已经结束啦！冰淇琳无敌！,134
还有1h再冲一次吧,116
徐一平,104
纳格尔斯曼,11
真理部运作中,88
flag,26
中石器时代的故事2,36
tq,107
，我讲两句,7
雲中月,172
喵喵,151
神奇的雷诺,53
彼岸北极贝～,74
小菜狗,95
陈琳是我爹谢天依是我妈,48
小tāng,16
cl今天喝奶茶了吗,114
幸运星再冲一次,51
考微店,110
祁琳天下第一,43
八块八慧,29
pld抽我谢谢！,80
草头yyds,39
不如新陈代谢一根,31
oxygen_lulu,101
KZG.Oliveira,85
阿松,125
一一,22
Max Verstappen,89
琥珀玲单推人,145
年度青春盛典NO39年度梦想成员奖,2
PSG.LGD XinQ,77
祈妄,122
我是逗逗逗逗比,147
祁琳！,127
又一充电中,98
闪光的哈萨维,92
冯若晨,157
做一名幸运星真是泰裤辣,155
搞河的扣老师,86
刘亚鹏,61
crow,87
杨蛆,93
Takosoup,20
Boram,23
aoty,66
卖掉了住了十年的桥洞然后,19
张心松,6
改绝说句,124
口口一,135
梦魇敌酋,63
染瀚,133
江宝,153
陈琳,117
anna,64
林淼,103
劳动最光荣,38
SNH48-段艺璇,62
小琳芮芮,60
多特忠犬胡雪飞,144
陈琳么么么么么么么么,40
新人第一我刘欣媛就收下了,37
新人第一我们叉的刘小涵拿下,129
小明的巾领红,165
张怡,128
大雁,76
琳昕一动,150
草头yyh有两个人吗,176
48铁道集团－DF7D0142,45
就我一个草头？,25
235加一,47
袁亮,169
DustDust,52
小闵,137
HJS,32
Field_T,99
琳锅天下第一,50
平安禧運,118
wdc乐扣,17
homine_z,49
陈琳是我爹我是煞笔,65
我010才是唯一的正统宠物,78
马老师,112
简自豪,102
吉米大叔呀,58
对不起没米给琳投了TAT,111
陈卓璇,34
谢天依,28
士多啤梨挖掘机,161
100人头flag,106
亚顿之矛,12
栗子发芽了,140
小兔不吃奶糖mo,91
从此畅所欲言,139
我是我和我的我,138
辣辣米的同期大哥哥,154
可爱小琳最爱红豆奶冻,46
戴眼镜的高尔夫球,75
扣1看小陈谢谢,143
万一宁,73
嗨皮痒痒,30
吴疑,55
顾伯约,166
笔墨纸砚，皆兵器也！,21
琥珀玲单推人二号机,115
♡Stephy♡,35
豆浆,5
不碍事02,162
小琳的双马尾,141
塔塔开,84
v5-otto,160
抛头天下第一,156
不碍事,15
李星羽,57
蔡俊杰,119
柴蕾,90
野肆,142
艾罗补脑汁,171
一块泥巴啊,24
Ariandel,131
依然,10
琥珀玲的学长,175
科比,71
露早go不理,42
jiayouaxyx,170
老安,27
SKT FEIJU,174
ssss,152
李玉倩,83
禧运楼管人痴,4
你什么34？,41
最爱cl,167
932,149
韦桂菊,13
贝菲斯特,100
乖离性百万奶油熊子烧酒,67
