宝山奶茶公主,"[120, 47, 144, 97, 142, 48, 61, 7, 104, 75, 30, 44, 152]"
程凌安女士的阅览室_FLAG,"[57, 14, 34, 91, 55, 121, 54, 130]"
rz,"[147, 53, 11, 74, 93, 134, 23, 64]"
梦魇敌酋,"[86, 90, 98, 143, 94, 113]"
愁莫渡江,"[141, 129, 84, 101, 26, 136]"
mdylm flag,"[127, 132, 81, 43, 15, 155]"
Nxname,"[3, 79, 119, 123, 33]"
胡上海,"[78, 77, 109, 9, 32]"
hooxi来点作用啊,"[28, 71, 117, 68]"
热烈的夏季,"[45, 122, 58, 114]"
百利甜配美式加冰,"[92, 125, 80, 69]"
福禄双霸天1:1flag,"[56, 41, 131]"
1：1flag～,"[66, 36, 29]"
冰淇琳好甜,"[49, 4, 50]"
发v有点v就过分,"[73, 37, 38]"
zzzzz,"[5, 150, 17]"
oxygen_lulu,"[51, 59, 62]"
屁屁,"[19, 31, 149]"
喵九,"[100, 108, 20]"
名字起太怪也不好,"[18, 107, 13]"
陈小陈,"[1, 42]"
你的快乐小李,"[135, 12]"
赵粤的小金库,"[103, 112]"
东流流流流流流流,"[145, 25]"
1pril,"[22, 6]"
kusuri,"[16, 140]"
finfin,"[88, 65]"
djwcb,"[99, 105]"
第010条鲨鱼,"[106, 83]"
yylzsj,"[110, 138]"
没事睡觉中,"[24, 39]"
Shadow1nd,"[10, 153]"
浅澜,"[46, 111]"
Allegro,"[126, 35]"
大园桃子_official,"[128, 115]"
AIR卡布奇诺,"[116, 87]"
周刊少女沐酱,"[2, 82]"
来点琳能量,"[70, 154]"
FESDJFDSF,"[89, 21]"
天赏,"[148, 67]"
同霖,"[95, 139]"
春雪丶,"[124, 27]"
魔迹,"[76, 151]"
暴躁因子,[8]
克苏鲁小琳浑身双马尾,[118]
妮从小就很可爱,[137]
SKT-Feiju（琳羊应援会版）,[72]
安静爱cl,[96]
漏电五郎,[102]
芝士灯,[40]
劳动最光荣,[60]
永远喜欢奶油熊子烧酒喵,[63]
dingcross,[85]
吃冰冰的若酱,[133]
最爱cl,[146]
