2600也是6600！6600赛高！,24
吃好喝好去接水,8
rz,53
本池田,55
生了是个太极,94
发呆的沼跃鱼1,61
福禄双霸天3.6flag,96
小tāng,93
木木枭,92
鱼琳要健康要快乐要幸运,47
愁莫渡江,39
东流流流流流流流,77
铁血恬豆包,34
AIR卡布奇诺,71
屁屁,35
热烈的夏季,20
程凌安女士的阅览室_FLAG,14
Nxname,31
来点琳能量,97
星落秋风五丈原,22
SKT-Feiju（琳羊应援会版）,78
幽悠,6
REEEX,74
魔迹,62
一直的样子,100
icuzz,23
潘尼西琳,52
八慧,15
Shadow1nd,42
波尔布特,73
FESDJFDSF,45
喵九,2
不扣纽扣,3
第010条鲨鱼,29
安静爱cl,30
浅澜,56
djwcb,27
Aluan,38
没陈琳我们幸运星该怎么办,5
发呆的沼跃鱼2,84
罗夏,28
解释春风无限恨,4
M-----177,75
Colin,65
Allegro,67
菈妮从小就很可爱,95
后左脆鲨,19
周刊少女沐霂酱,80
crow,10
111,46
发v有点v就过分,33
会错过的味道,12
克苏鲁小琳浑身双马尾,88
yylzsj,11
名字起太怪也不好,43
金色回收网,98
加油啊陈琳！,1
没事睡觉中,64
小菜狗,40
拷CL,69
胖企鹅,49
百利甜配美式加冰,9
抹一缕月光,86
zzzzz,44
Speranza,25
依然002号机,51
春雪丶,85
可爱小又吃火锅,76
♡Stephy♡,32
Hello米豆豆,99
破甲专精,70
陈者如琳,66
，我讲两句,54
Penicillin,48
阿松,50
Ameka,101
嘎嘎嘎嘎（风华-S）,72
梓洛,26
不想拥有太多情绪,89
赵粤的小金库,83
谢谢你，泰罗,59
帕里亚,87
天赏,60
硬核昵称,68
不见王影,63
finfin,82
兔砸,7
元宝的go,90
tq,21
钱多多,37
李毅,57
允水晶,16
永远喜欢奶油熊子烧酒喵,91
明天起步干死老汉的Max,79
要给陈琳更好的舞台！,36
饺子,13
kusuri,17
syq,41
鸡蛋,18
王志军,58
冰淇琳好甜,81
